Source,Category,TotalFiles,ValidImages,CorruptedImages,NonImageFiles,TotalSizeBytes,TotalSizeMB,Extensions,ColorModes,MinDimensions,MaxDimensions,MostCommonDimensions
BDWaste_Organic,1. Sugarcane  husk,125,125,0,0,421515557,401.99,.jpg:125,RGB:125,3120x3120,4160x4160,3120x4160
BDWaste_Organic,10. Coffee  cup,126,126,0,0,231620888,220.89,.jpg:126,RGB:126,645x643,4160x4160,4000x3000
BDWaste_Organic,2. Fish ash,125,125,0,0,400804209,382.24,.jpg:125,RGB:125,2941x3120,4160x4160,3120x4160
BDWaste_Organic,3. Potato Peel,130,130,0,0,167893797,160.12,.jpg:130,RGB:130,1204x1600,4080x4080,3072x4080
BDWaste_Organic,4. Paper,125,124,0,1,250107921,238.52,.jpg:124; .pg:1,RGB:124,2214x2260,4080x4080,4080x3072
BDWaste_Organic,5. Mango Peel,121,121,0,0,294866237,281.21,.jpg:121,RGB:121,3120x3120,4160x4160,4160x3120
BDWaste_Organic,6. Rice,127,127,0,0,222778664,212.46,.jpg:127,RGB:127,3072x3072,4080x4080,3072x4080
BDWaste_Organic,7. Shell of Malta,126,126,0,0,287280706,273.97,.jpg:126,RGB:126,3120x3120,4160x4160,3120x4160
BDWaste_Organic,8.Lemon Peel,125,125,0,0,273227754,260.57,.jpg:125,RGB:125,2943x2146,4080x4080,3072x4080
BDWaste_Organic,9. Banana peel,123,123,0,0,288251552,274.9,.jpg:123,RGB:123,960x1280,4160x4160,960x1280
CTSoc_EWaste_DatasetPrep,root,8,8,0,0,1532677,1.46,.jpg:7; .png:1,RGB:8,781x504,1908x976,1908x966
CTSoc_EWaste_Results,few-shot,2,2,0,0,428494,0.41,.jpg:2,RGB:2,1242x861,1293x876,1242x861
CTSoc_EWaste_Results,obj-detection-adam,21,21,0,0,8969537,8.55,.png:21,RGBA:21,751x432,1920x1080,959x696
CTSoc_EWaste_Results,obj-detection-momemtum,23,23,0,0,7366855,7.03,.jpg:18; .png:5,RGB:18; RGBA:5,743x422,1873x953,885x422
CTSoc_EWaste_Results,root,4,3,0,1,308561,0.29,.jpg:3; .md:1,RGB:3,1005x223,1145x613,1145x265
EWaste_Image_Dataset_Test,Battery,30,30,0,0,109272,0.1,.jpg:30,RGB:30,150x150,150x150,150x150
EWaste_Image_Dataset_Test,Keyboard,30,30,0,0,108857,0.1,.jpg:30,RGB:30,150x150,150x150,150x150
EWaste_Image_Dataset_Test,Microwave,30,30,0,0,104864,0.1,.jpg:30,RGB:30,150x150,150x150,150x150
EWaste_Image_Dataset_Test,Mobile,30,30,0,0,130362,0.12,.jpg:30,RGB:30,150x150,150x150,150x150
EWaste_Image_Dataset_Test,Mouse,30,30,0,0,122949,0.12,.jpg:30,RGB:30,150x150,150x150,150x150
EWaste_Image_Dataset_Test,PCB,30,30,0,0,185210,0.18,.jpg:30,RGB:30,150x150,150x150,150x150
EWaste_Image_Dataset_Test,Player,30,30,0,0,130483,0.12,.jpg:30,RGB:30,150x150,150x150,150x150
EWaste_Image_Dataset_Test,Printer,30,30,0,0,118952,0.11,.jpg:30,RGB:30,150x150,150x150,150x150
EWaste_Image_Dataset_Test,Television,30,30,0,0,117544,0.11,.jpg:30,RGB:30,150x150,150x150,150x150
EWaste_Image_Dataset_Test,Washing Machine,30,30,0,0,87795,0.08,.jpg:30,RGB:30,150x150,150x150,150x150
EWaste_Image_Dataset_Train,Battery,240,240,0,0,918803,0.88,.jpg:240,RGB:240,150x150,150x150,150x150
EWaste_Image_Dataset_Train,Keyboard,240,240,0,0,908087,0.87,.jpg:240,RGB:240,150x150,150x150,150x150
EWaste_Image_Dataset_Train,Microwave,240,240,0,0,856827,0.82,.jpg:240,RGB:240,150x150,150x150,150x150
EWaste_Image_Dataset_Train,Mobile,240,240,0,0,1030093,0.98,.jpg:240,RGB:240,150x150,150x150,150x150
EWaste_Image_Dataset_Train,Mouse,240,240,0,0,882049,0.84,.jpg:240,RGB:240,150x150,150x150,150x150
EWaste_Image_Dataset_Train,PCB,240,240,0,0,1619571,1.54,.jpg:240,RGB:240,150x150,150x150,150x150
EWaste_Image_Dataset_Train,Player,240,240,0,0,1072398,1.02,.jpg:240,RGB:240,150x150,150x150,150x150
EWaste_Image_Dataset_Train,Printer,240,240,0,0,1019726,0.97,.jpg:240,RGB:240,150x150,150x150,150x150
EWaste_Image_Dataset_Train,Television,240,240,0,0,899474,0.86,.jpg:240,RGB:240,150x150,150x150,150x150
EWaste_Image_Dataset_Train,Washing Machine,240,240,0,0,729284,0.7,.jpg:240,RGB:240,150x150,150x150,150x150
EWaste_Image_Dataset_Val,Battery,30,30,0,0,120202,0.11,.jpg:30,RGB:30,150x150,150x150,150x150
EWaste_Image_Dataset_Val,Keyboard,30,30,0,0,113959,0.11,.jpg:30,RGB:30,150x150,150x150,150x150
EWaste_Image_Dataset_Val,Microwave,30,30,0,0,108028,0.1,.jpg:30,RGB:30,150x150,150x150,150x150
EWaste_Image_Dataset_Val,Mobile,30,30,0,0,123286,0.12,.jpg:30,RGB:30,150x150,150x150,150x150
EWaste_Image_Dataset_Val,Mouse,30,30,0,0,101273,0.1,.jpg:30,RGB:30,150x150,150x150,150x150
EWaste_Image_Dataset_Val,PCB,30,30,0,0,187473,0.18,.jpg:30,RGB:30,150x150,150x150,150x150
EWaste_Image_Dataset_Val,Player,30,30,0,0,128385,0.12,.jpg:30,RGB:30,150x150,150x150,150x150
EWaste_Image_Dataset_Val,Printer,30,30,0,0,129868,0.12,.jpg:30,RGB:30,150x150,150x150,150x150
EWaste_Image_Dataset_Val,Television,30,30,0,0,106181,0.1,.jpg:30,RGB:30,150x150,150x150,150x150
EWaste_Image_Dataset_Val,Washing Machine,30,30,0,0,88353,0.08,.jpg:30,RGB:30,150x150,150x150,150x150
TrashNet_Processed_Test,cardboard,61,61,0,0,1140584,1.09,.jpg:61,RGB:61,512x384,512x384,512x384
TrashNet_Processed_Test,glass,75,75,0,0,980257,0.93,.jpg:75,RGB:75,512x384,512x384,512x384
TrashNet_Processed_Test,metal,61,61,0,0,1146291,1.09,.jpg:61,RGB:61,512x384,512x384,512x384
TrashNet_Processed_Test,paper,89,89,0,0,2025976,1.93,.jpg:89,RGB:89,512x384,512x384,512x384
TrashNet_Processed_Test,plastic,73,73,0,0,983114,0.94,.jpg:73,RGB:73,512x384,512x384,512x384
TrashNet_Processed_Test,trash,20,20,0,0,286854,0.27,.jpg:20,RGB:20,512x384,512x384,512x384
TrashNet_Processed_Train,cardboard,282,282,0,0,5262435,5.02,.jpg:282,RGB:282,512x384,512x384,512x384
TrashNet_Processed_Train,glass,351,351,0,0,4706020,4.49,.jpg:351,RGB:351,512x384,512x384,512x384
TrashNet_Processed_Train,metal,287,287,0,0,5091507,4.86,.jpg:287,RGB:287,512x384,512x384,512x384
TrashNet_Processed_Train,paper,416,416,0,0,8979669,8.56,.jpg:416,RGB:416,512x384,512x384,512x384
TrashNet_Processed_Train,plastic,337,337,0,0,4894545,4.67,.jpg:337,RGB:337,512x384,512x384,512x384
TrashNet_Processed_Train,trash,96,96,0,0,1362930,1.3,.jpg:96,RGB:96,512x384,512x384,512x384
TrashNet_Processed_Val,cardboard,60,60,0,0,1202341,1.15,.jpg:60,RGB:60,512x384,512x384,512x384
TrashNet_Processed_Val,glass,75,75,0,0,988782,0.94,.jpg:75,RGB:75,512x384,512x384,512x384
TrashNet_Processed_Val,metal,62,62,0,0,1035332,0.99,.jpg:62,RGB:62,512x384,512x384,512x384
TrashNet_Processed_Val,paper,89,89,0,0,1838122,1.75,.jpg:89,RGB:89,512x384,512x384,512x384
TrashNet_Processed_Val,plastic,72,72,0,0,1068268,1.02,.jpg:72,RGB:72,512x384,512x384,512x384
TrashNet_Processed_Val,trash,21,21,0,0,289375,0.28,.jpg:21,RGB:21,512x384,512x384,512x384
TrashNet_Raw,cardboard,403,403,0,0,7605360,7.25,.jpg:403,RGB:403,512x384,512x384,512x384
TrashNet_Raw,glass,501,501,0,0,6675059,6.37,.jpg:501,RGB:501,512x384,512x384,512x384
TrashNet_Raw,metal,410,410,0,0,7273130,6.94,.jpg:410,RGB:410,512x384,512x384,512x384
TrashNet_Raw,paper,594,594,0,0,12843767,12.25,.jpg:594,RGB:594,512x384,512x384,512x384
TrashNet_Raw,plastic,482,482,0,0,6945927,6.62,.jpg:482,RGB:482,512x384,512x384,512x384
TrashNet_Raw,root,1,0,0,1,1392,0.0,.md:1,,N/A,N/A,N/A
TrashNet_Raw,trash,137,137,0,0,1939159,1.85,.jpg:137,RGB:137,512x384,512x384,512x384
