group_id,source,category,image_count,representative_file,cross_source,split_risk,recommendation
NDG_0001,TrashNet_Raw,MULTI_CATEGORY,3,data/raw/TrashNet/cardboard/cardboard83.jpg,NO,HIGH (Burst-sequence video frame leakage risk if divided across splits),Group-Aware Allocation: Keep entire cluster within a single split (Train OR Val OR Test) or sample single representative
NDG_0002,TrashNet_Raw,TrashNet_Raw::metal,2,data/raw/TrashNet/metal/metal394.jpg,NO,HIGH (Burst-sequence video frame leakage risk if divided across splits),Group-Aware Allocation: Keep entire cluster within a single split (Train OR Val OR Test) or sample single representative
NDG_0003,TrashNet_Raw,TrashNet_Raw::paper,2,data/raw/TrashNet/paper/paper147.jpg,NO,HIGH (Burst-sequence video frame leakage risk if divided across splits),Group-Aware Allocation: Keep entire cluster within a single split (Train OR Val OR Test) or sample single representative
NDG_0004,TrashNet_Raw,TrashNet_Raw::paper,2,data/raw/TrashNet/paper/paper185.jpg,NO,HIGH (Burst-sequence video frame leakage risk if divided across splits),Group-Aware Allocation: Keep entire cluster within a single split (Train OR Val OR Test) or sample single representative
NDG_0005,EWaste_Image_Dataset,EWaste_Image_Dataset::Microwave,2,data/raw/external/ewaste/EWaste_Image_Dataset/train/Microwave/Microwave_166.jpg,NO,HIGH (Burst-sequence video frame leakage risk if divided across splits),Group-Aware Allocation: Keep entire cluster within a single split (Train OR Val OR Test) or sample single representative
NDG_0006,EWaste_Image_Dataset,EWaste_Image_Dataset::Microwave,2,data/raw/external/ewaste/EWaste_Image_Dataset/train/Microwave/Microwave_179.jpg,NO,HIGH (Burst-sequence video frame leakage risk if divided across splits),Group-Aware Allocation: Keep entire cluster within a single split (Train OR Val OR Test) or sample single representative
NDG_0007,EWaste_Image_Dataset,EWaste_Image_Dataset::Microwave,2,data/raw/external/ewaste/EWaste_Image_Dataset/train/Microwave/Microwave_202.jpg,NO,HIGH (Burst-sequence video frame leakage risk if divided across splits),Group-Aware Allocation: Keep entire cluster within a single split (Train OR Val OR Test) or sample single representative
NDG_0008,EWaste_Image_Dataset,EWaste_Image_Dataset::PCB,2,data/raw/external/ewaste/EWaste_Image_Dataset/train/PCB/pcb_144.jpg,NO,HIGH (Burst-sequence video frame leakage risk if divided across splits),Group-Aware Allocation: Keep entire cluster within a single split (Train OR Val OR Test) or sample single representative
NDG_0009,EWaste_Image_Dataset,EWaste_Image_Dataset::PCB,3,data/raw/external/ewaste/EWaste_Image_Dataset/train/PCB/pcb_145.jpg,NO,HIGH (Burst-sequence video frame leakage risk if divided across splits),Group-Aware Allocation: Keep entire cluster within a single split (Train OR Val OR Test) or sample single representative
NDG_0010,EWaste_Image_Dataset,EWaste_Image_Dataset::PCB,3,data/raw/external/ewaste/EWaste_Image_Dataset/train/PCB/pcb_153.jpg,NO,HIGH (Burst-sequence video frame leakage risk if divided across splits),Group-Aware Allocation: Keep entire cluster within a single split (Train OR Val OR Test) or sample single representative
NDG_0011,EWaste_Image_Dataset,EWaste_Image_Dataset::PCB,2,data/raw/external/ewaste/EWaste_Image_Dataset/train/PCB/pcb_173.jpg,NO,HIGH (Burst-sequence video frame leakage risk if divided across splits),Group-Aware Allocation: Keep entire cluster within a single split (Train OR Val OR Test) or sample single representative
NDG_0012,EWaste_Image_Dataset,EWaste_Image_Dataset::PCB,2,data/raw/external/ewaste/EWaste_Image_Dataset/train/PCB/pcb_2.jpg,NO,HIGH (Burst-sequence video frame leakage risk if divided across splits),Group-Aware Allocation: Keep entire cluster within a single split (Train OR Val OR Test) or sample single representative
NDG_0013,EWaste_Image_Dataset,EWaste_Image_Dataset::Player,3,data/raw/external/ewaste/EWaste_Image_Dataset/train/Player/Player_102.jpg,NO,HIGH (Burst-sequence video frame leakage risk if divided across splits),Group-Aware Allocation: Keep entire cluster within a single split (Train OR Val OR Test) or sample single representative
NDG_0014,EWaste_Image_Dataset,EWaste_Image_Dataset::Player,2,data/raw/external/ewaste/EWaste_Image_Dataset/train/Player/Player_107.jpg,NO,HIGH (Burst-sequence video frame leakage risk if divided across splits),Group-Aware Allocation: Keep entire cluster within a single split (Train OR Val OR Test) or sample single representative
NDG_0015,EWaste_Image_Dataset,EWaste_Image_Dataset::Player,2,data/raw/external/ewaste/EWaste_Image_Dataset/train/Player/Player_119.jpg,NO,HIGH (Burst-sequence video frame leakage risk if divided across splits),Group-Aware Allocation: Keep entire cluster within a single split (Train OR Val OR Test) or sample single representative
NDG_0016,EWaste_Image_Dataset,EWaste_Image_Dataset::Player,2,data/raw/external/ewaste/EWaste_Image_Dataset/train/Player/Player_132.jpg,NO,HIGH (Burst-sequence video frame leakage risk if divided across splits),Group-Aware Allocation: Keep entire cluster within a single split (Train OR Val OR Test) or sample single representative
NDG_0017,EWaste_Image_Dataset,EWaste_Image_Dataset::Player,2,data/raw/external/ewaste/EWaste_Image_Dataset/train/Player/Player_157.jpg,NO,HIGH (Burst-sequence video frame leakage risk if divided across splits),Group-Aware Allocation: Keep entire cluster within a single split (Train OR Val OR Test) or sample single representative
NDG_0018,EWaste_Image_Dataset,EWaste_Image_Dataset::Player,2,data/raw/external/ewaste/EWaste_Image_Dataset/train/Player/Player_162.jpg,NO,HIGH (Burst-sequence video frame leakage risk if divided across splits),Group-Aware Allocation: Keep entire cluster within a single split (Train OR Val OR Test) or sample single representative
NDG_0019,EWaste_Image_Dataset,EWaste_Image_Dataset::Player,2,data/raw/external/ewaste/EWaste_Image_Dataset/train/Player/Player_171.jpg,NO,HIGH (Burst-sequence video frame leakage risk if divided across splits),Group-Aware Allocation: Keep entire cluster within a single split (Train OR Val OR Test) or sample single representative
NDG_0020,EWaste_Image_Dataset,EWaste_Image_Dataset::Player,2,data/raw/external/ewaste/EWaste_Image_Dataset/train/Player/Player_218.jpg,NO,HIGH (Burst-sequence video frame leakage risk if divided across splits),Group-Aware Allocation: Keep entire cluster within a single split (Train OR Val OR Test) or sample single representative
NDG_0021,EWaste_Image_Dataset,EWaste_Image_Dataset::Player,2,data/raw/external/ewaste/EWaste_Image_Dataset/train/Player/Player_254.jpg,NO,HIGH (Burst-sequence video frame leakage risk if divided across splits),Group-Aware Allocation: Keep entire cluster within a single split (Train OR Val OR Test) or sample single representative
NDG_0022,EWaste_Image_Dataset,EWaste_Image_Dataset::Player,2,data/raw/external/ewaste/EWaste_Image_Dataset/train/Player/Player_287.jpg,NO,HIGH (Burst-sequence video frame leakage risk if divided across splits),Group-Aware Allocation: Keep entire cluster within a single split (Train OR Val OR Test) or sample single representative
NDG_0023,EWaste_Image_Dataset,EWaste_Image_Dataset::Player,3,data/raw/external/ewaste/EWaste_Image_Dataset/train/Player/Player_289.jpg,NO,HIGH (Burst-sequence video frame leakage risk if divided across splits),Group-Aware Allocation: Keep entire cluster within a single split (Train OR Val OR Test) or sample single representative
NDG_0024,EWaste_Image_Dataset,EWaste_Image_Dataset::Player,2,data/raw/external/ewaste/EWaste_Image_Dataset/train/Player/Player_89.jpg,NO,HIGH (Burst-sequence video frame leakage risk if divided across splits),Group-Aware Allocation: Keep entire cluster within a single split (Train OR Val OR Test) or sample single representative
NDG_0025,EWaste_Image_Dataset,EWaste_Image_Dataset::Television,2,data/raw/external/ewaste/EWaste_Image_Dataset/train/Television/Television_42.jpg,NO,HIGH (Burst-sequence video frame leakage risk if divided across splits),Group-Aware Allocation: Keep entire cluster within a single split (Train OR Val OR Test) or sample single representative
NDG_0026,EWaste_Image_Dataset,EWaste_Image_Dataset::Television,2,data/raw/external/ewaste/EWaste_Image_Dataset/train/Television/Television_72.jpg,NO,HIGH (Burst-sequence video frame leakage risk if divided across splits),Group-Aware Allocation: Keep entire cluster within a single split (Train OR Val OR Test) or sample single representative
NDG_0027,EWaste_Image_Dataset,EWaste_Image_Dataset::Washing Machine,2,data/raw/external/ewaste/EWaste_Image_Dataset/train/Washing Machine/Washing_Machine_171.jpg,NO,HIGH (Burst-sequence video frame leakage risk if divided across splits),Group-Aware Allocation: Keep entire cluster within a single split (Train OR Val OR Test) or sample single representative
NDG_0028,EWaste_Image_Dataset,EWaste_Image_Dataset::Television,2,data/raw/external/ewaste/EWaste_Image_Dataset/val/Television/Television_277.jpg,NO,HIGH (Burst-sequence video frame leakage risk if divided across splits),Group-Aware Allocation: Keep entire cluster within a single split (Train OR Val OR Test) or sample single representative
NDG_0029,EWaste_Image_Dataset,EWaste_Image_Dataset::Player,2,data/raw/external/ewaste/EWaste_Image_Dataset/test/Player/Player_22.jpg,NO,HIGH (Burst-sequence video frame leakage risk if divided across splits),Group-Aware Allocation: Keep entire cluster within a single split (Train OR Val OR Test) or sample single representative
NDG_0030,BDWaste,BDWaste::1. Sugarcane  husk,3,data/raw/organic/BDWaste/1. Sugarcane  husk/122.jpg,NO,HIGH (Burst-sequence video frame leakage risk if divided across splits),Group-Aware Allocation: Keep entire cluster within a single split (Train OR Val OR Test) or sample single representative
NDG_0031,BDWaste,BDWaste::1. Sugarcane  husk,2,data/raw/organic/BDWaste/1. Sugarcane  husk/19.jpg,NO,HIGH (Burst-sequence video frame leakage risk if divided across splits),Group-Aware Allocation: Keep entire cluster within a single split (Train OR Val OR Test) or sample single representative
NDG_0032,BDWaste,BDWaste::1. Sugarcane  husk,2,data/raw/organic/BDWaste/1. Sugarcane  husk/2.jpg,NO,HIGH (Burst-sequence video frame leakage risk if divided across splits),Group-Aware Allocation: Keep entire cluster within a single split (Train OR Val OR Test) or sample single representative
NDG_0033,BDWaste,BDWaste::1. Sugarcane  husk,4,data/raw/organic/BDWaste/1. Sugarcane  husk/27.jpg,NO,HIGH (Burst-sequence video frame leakage risk if divided across splits),Group-Aware Allocation: Keep entire cluster within a single split (Train OR Val OR Test) or sample single representative
NDG_0034,BDWaste,BDWaste::1. Sugarcane  husk,2,data/raw/organic/BDWaste/1. Sugarcane  husk/31.jpg,NO,HIGH (Burst-sequence video frame leakage risk if divided across splits),Group-Aware Allocation: Keep entire cluster within a single split (Train OR Val OR Test) or sample single representative
NDG_0035,BDWaste,BDWaste::1. Sugarcane  husk,2,data/raw/organic/BDWaste/1. Sugarcane  husk/32.jpg,NO,HIGH (Burst-sequence video frame leakage risk if divided across splits),Group-Aware Allocation: Keep entire cluster within a single split (Train OR Val OR Test) or sample single representative
NDG_0036,BDWaste,BDWaste::1. Sugarcane  husk,3,data/raw/organic/BDWaste/1. Sugarcane  husk/39.jpg,NO,HIGH (Burst-sequence video frame leakage risk if divided across splits),Group-Aware Allocation: Keep entire cluster within a single split (Train OR Val OR Test) or sample single representative
NDG_0037,BDWaste,BDWaste::1. Sugarcane  husk,2,data/raw/organic/BDWaste/1. Sugarcane  husk/43.jpg,NO,HIGH (Burst-sequence video frame leakage risk if divided across splits),Group-Aware Allocation: Keep entire cluster within a single split (Train OR Val OR Test) or sample single representative
NDG_0038,BDWaste,BDWaste::1. Sugarcane  husk,2,data/raw/organic/BDWaste/1. Sugarcane  husk/50.jpg,NO,HIGH (Burst-sequence video frame leakage risk if divided across splits),Group-Aware Allocation: Keep entire cluster within a single split (Train OR Val OR Test) or sample single representative
NDG_0039,BDWaste,BDWaste::1. Sugarcane  husk,2,data/raw/organic/BDWaste/1. Sugarcane  husk/53.jpg,NO,HIGH (Burst-sequence video frame leakage risk if divided across splits),Group-Aware Allocation: Keep entire cluster within a single split (Train OR Val OR Test) or sample single representative
NDG_0040,BDWaste,BDWaste::1. Sugarcane  husk,3,data/raw/organic/BDWaste/1. Sugarcane  husk/63.jpg,NO,HIGH (Burst-sequence video frame leakage risk if divided across splits),Group-Aware Allocation: Keep entire cluster within a single split (Train OR Val OR Test) or sample single representative
NDG_0041,BDWaste,BDWaste::1. Sugarcane  husk,2,data/raw/organic/BDWaste/1. Sugarcane  husk/64.jpg,NO,HIGH (Burst-sequence video frame leakage risk if divided across splits),Group-Aware Allocation: Keep entire cluster within a single split (Train OR Val OR Test) or sample single representative
NDG_0042,BDWaste,BDWaste::1. Sugarcane  husk,2,data/raw/organic/BDWaste/1. Sugarcane  husk/80.jpg,NO,HIGH (Burst-sequence video frame leakage risk if divided across splits),Group-Aware Allocation: Keep entire cluster within a single split (Train OR Val OR Test) or sample single representative
NDG_0043,BDWaste,BDWaste::1. Sugarcane  husk,2,data/raw/organic/BDWaste/1. Sugarcane  husk/81.jpg,NO,HIGH (Burst-sequence video frame leakage risk if divided across splits),Group-Aware Allocation: Keep entire cluster within a single split (Train OR Val OR Test) or sample single representative
NDG_0044,BDWaste,BDWaste::10. Coffee  cup,2,data/raw/organic/BDWaste/10. Coffee  cup/122(1).jpg,NO,HIGH (Burst-sequence video frame leakage risk if divided across splits),Group-Aware Allocation: Keep entire cluster within a single split (Train OR Val OR Test) or sample single representative
NDG_0045,BDWaste,BDWaste::10. Coffee  cup,2,data/raw/organic/BDWaste/10. Coffee  cup/42.jpg,NO,HIGH (Burst-sequence video frame leakage risk if divided across splits),Group-Aware Allocation: Keep entire cluster within a single split (Train OR Val OR Test) or sample single representative
NDG_0046,BDWaste,BDWaste::10. Coffee  cup,2,data/raw/organic/BDWaste/10. Coffee  cup/43.jpg,NO,HIGH (Burst-sequence video frame leakage risk if divided across splits),Group-Aware Allocation: Keep entire cluster within a single split (Train OR Val OR Test) or sample single representative
NDG_0047,BDWaste,BDWaste::2. Fish ash,5,data/raw/organic/BDWaste/2. Fish ash/1.jpg,NO,HIGH (Burst-sequence video frame leakage risk if divided across splits),Group-Aware Allocation: Keep entire cluster within a single split (Train OR Val OR Test) or sample single representative
NDG_0048,BDWaste,BDWaste::2. Fish ash,4,data/raw/organic/BDWaste/2. Fish ash/10.jpg,NO,HIGH (Burst-sequence video frame leakage risk if divided across splits),Group-Aware Allocation: Keep entire cluster within a single split (Train OR Val OR Test) or sample single representative
NDG_0049,BDWaste,BDWaste::2. Fish ash,2,data/raw/organic/BDWaste/2. Fish ash/100.jpg,NO,HIGH (Burst-sequence video frame leakage risk if divided across splits),Group-Aware Allocation: Keep entire cluster within a single split (Train OR Val OR Test) or sample single representative
NDG_0050,BDWaste,BDWaste::2. Fish ash,4,data/raw/organic/BDWaste/2. Fish ash/101.jpg,NO,HIGH (Burst-sequence video frame leakage risk if divided across splits),Group-Aware Allocation: Keep entire cluster within a single split (Train OR Val OR Test) or sample single representative
NDG_0051,BDWaste,BDWaste::2. Fish ash,3,data/raw/organic/BDWaste/2. Fish ash/103.jpg,NO,HIGH (Burst-sequence video frame leakage risk if divided across splits),Group-Aware Allocation: Keep entire cluster within a single split (Train OR Val OR Test) or sample single representative
NDG_0052,BDWaste,BDWaste::2. Fish ash,5,data/raw/organic/BDWaste/2. Fish ash/105.jpg,NO,HIGH (Burst-sequence video frame leakage risk if divided across splits),Group-Aware Allocation: Keep entire cluster within a single split (Train OR Val OR Test) or sample single representative
NDG_0053,BDWaste,BDWaste::2. Fish ash,8,data/raw/organic/BDWaste/2. Fish ash/111.jpg,NO,HIGH (Burst-sequence video frame leakage risk if divided across splits),Group-Aware Allocation: Keep entire cluster within a single split (Train OR Val OR Test) or sample single representative
NDG_0054,BDWaste,BDWaste::2. Fish ash,3,data/raw/organic/BDWaste/2. Fish ash/12.jpg,NO,HIGH (Burst-sequence video frame leakage risk if divided across splits),Group-Aware Allocation: Keep entire cluster within a single split (Train OR Val OR Test) or sample single representative
NDG_0055,BDWaste,BDWaste::2. Fish ash,5,data/raw/organic/BDWaste/2. Fish ash/13.jpg,NO,HIGH (Burst-sequence video frame leakage risk if divided across splits),Group-Aware Allocation: Keep entire cluster within a single split (Train OR Val OR Test) or sample single representative
NDG_0056,BDWaste,BDWaste::2. Fish ash,3,data/raw/organic/BDWaste/2. Fish ash/18.jpg,NO,HIGH (Burst-sequence video frame leakage risk if divided across splits),Group-Aware Allocation: Keep entire cluster within a single split (Train OR Val OR Test) or sample single representative
NDG_0057,BDWaste,BDWaste::2. Fish ash,2,data/raw/organic/BDWaste/2. Fish ash/19.jpg,NO,HIGH (Burst-sequence video frame leakage risk if divided across splits),Group-Aware Allocation: Keep entire cluster within a single split (Train OR Val OR Test) or sample single representative
NDG_0058,BDWaste,BDWaste::2. Fish ash,8,data/raw/organic/BDWaste/2. Fish ash/2.jpg,NO,HIGH (Burst-sequence video frame leakage risk if divided across splits),Group-Aware Allocation: Keep entire cluster within a single split (Train OR Val OR Test) or sample single representative
NDG_0059,BDWaste,BDWaste::2. Fish ash,2,data/raw/organic/BDWaste/2. Fish ash/23.jpg,NO,HIGH (Burst-sequence video frame leakage risk if divided across splits),Group-Aware Allocation: Keep entire cluster within a single split (Train OR Val OR Test) or sample single representative
NDG_0060,BDWaste,BDWaste::2. Fish ash,2,data/raw/organic/BDWaste/2. Fish ash/37.jpg,NO,HIGH (Burst-sequence video frame leakage risk if divided across splits),Group-Aware Allocation: Keep entire cluster within a single split (Train OR Val OR Test) or sample single representative
NDG_0061,BDWaste,BDWaste::2. Fish ash,5,data/raw/organic/BDWaste/2. Fish ash/39.jpg,NO,HIGH (Burst-sequence video frame leakage risk if divided across splits),Group-Aware Allocation: Keep entire cluster within a single split (Train OR Val OR Test) or sample single representative
NDG_0062,BDWaste,BDWaste::2. Fish ash,3,data/raw/organic/BDWaste/2. Fish ash/4.jpg,NO,HIGH (Burst-sequence video frame leakage risk if divided across splits),Group-Aware Allocation: Keep entire cluster within a single split (Train OR Val OR Test) or sample single representative
NDG_0063,BDWaste,BDWaste::2. Fish ash,4,data/raw/organic/BDWaste/2. Fish ash/43.jpg,NO,HIGH (Burst-sequence video frame leakage risk if divided across splits),Group-Aware Allocation: Keep entire cluster within a single split (Train OR Val OR Test) or sample single representative
NDG_0064,BDWaste,BDWaste::2. Fish ash,2,data/raw/organic/BDWaste/2. Fish ash/45.jpg,NO,HIGH (Burst-sequence video frame leakage risk if divided across splits),Group-Aware Allocation: Keep entire cluster within a single split (Train OR Val OR Test) or sample single representative
NDG_0065,BDWaste,BDWaste::2. Fish ash,3,data/raw/organic/BDWaste/2. Fish ash/47.jpg,NO,HIGH (Burst-sequence video frame leakage risk if divided across splits),Group-Aware Allocation: Keep entire cluster within a single split (Train OR Val OR Test) or sample single representative
NDG_0066,BDWaste,BDWaste::2. Fish ash,2,data/raw/organic/BDWaste/2. Fish ash/62.jpg,NO,HIGH (Burst-sequence video frame leakage risk if divided across splits),Group-Aware Allocation: Keep entire cluster within a single split (Train OR Val OR Test) or sample single representative
NDG_0067,BDWaste,BDWaste::2. Fish ash,2,data/raw/organic/BDWaste/2. Fish ash/67.jpg,NO,HIGH (Burst-sequence video frame leakage risk if divided across splits),Group-Aware Allocation: Keep entire cluster within a single split (Train OR Val OR Test) or sample single representative
NDG_0068,BDWaste,BDWaste::2. Fish ash,2,data/raw/organic/BDWaste/2. Fish ash/77.jpg,NO,HIGH (Burst-sequence video frame leakage risk if divided across splits),Group-Aware Allocation: Keep entire cluster within a single split (Train OR Val OR Test) or sample single representative
NDG_0069,BDWaste,BDWaste::2. Fish ash,2,data/raw/organic/BDWaste/2. Fish ash/81.jpg,NO,HIGH (Burst-sequence video frame leakage risk if divided across splits),Group-Aware Allocation: Keep entire cluster within a single split (Train OR Val OR Test) or sample single representative
NDG_0070,BDWaste,BDWaste::2. Fish ash,4,data/raw/organic/BDWaste/2. Fish ash/87.jpg,NO,HIGH (Burst-sequence video frame leakage risk if divided across splits),Group-Aware Allocation: Keep entire cluster within a single split (Train OR Val OR Test) or sample single representative
NDG_0071,BDWaste,BDWaste::2. Fish ash,2,data/raw/organic/BDWaste/2. Fish ash/97.jpg,NO,HIGH (Burst-sequence video frame leakage risk if divided across splits),Group-Aware Allocation: Keep entire cluster within a single split (Train OR Val OR Test) or sample single representative
NDG_0072,BDWaste,BDWaste::3. Potato Peel,2,data/raw/organic/BDWaste/3. Potato Peel/130.jpg,NO,HIGH (Burst-sequence video frame leakage risk if divided across splits),Group-Aware Allocation: Keep entire cluster within a single split (Train OR Val OR Test) or sample single representative
NDG_0073,BDWaste,BDWaste::3. Potato Peel,2,data/raw/organic/BDWaste/3. Potato Peel/64.jpg,NO,HIGH (Burst-sequence video frame leakage risk if divided across splits),Group-Aware Allocation: Keep entire cluster within a single split (Train OR Val OR Test) or sample single representative
NDG_0074,BDWaste,BDWaste::3. Potato Peel,2,data/raw/organic/BDWaste/3. Potato Peel/72.jpg,NO,HIGH (Burst-sequence video frame leakage risk if divided across splits),Group-Aware Allocation: Keep entire cluster within a single split (Train OR Val OR Test) or sample single representative
NDG_0075,BDWaste,BDWaste::5. Mango Peel,2,data/raw/organic/BDWaste/5. Mango Peel/11.jpg,NO,HIGH (Burst-sequence video frame leakage risk if divided across splits),Group-Aware Allocation: Keep entire cluster within a single split (Train OR Val OR Test) or sample single representative
NDG_0076,BDWaste,BDWaste::5. Mango Peel,2,data/raw/organic/BDWaste/5. Mango Peel/116.jpg,NO,HIGH (Burst-sequence video frame leakage risk if divided across splits),Group-Aware Allocation: Keep entire cluster within a single split (Train OR Val OR Test) or sample single representative
NDG_0077,BDWaste,BDWaste::5. Mango Peel,3,data/raw/organic/BDWaste/5. Mango Peel/19.jpg,NO,HIGH (Burst-sequence video frame leakage risk if divided across splits),Group-Aware Allocation: Keep entire cluster within a single split (Train OR Val OR Test) or sample single representative
NDG_0078,BDWaste,BDWaste::5. Mango Peel,2,data/raw/organic/BDWaste/5. Mango Peel/21.jpg,NO,HIGH (Burst-sequence video frame leakage risk if divided across splits),Group-Aware Allocation: Keep entire cluster within a single split (Train OR Val OR Test) or sample single representative
NDG_0079,BDWaste,BDWaste::5. Mango Peel,2,data/raw/organic/BDWaste/5. Mango Peel/24.jpg,NO,HIGH (Burst-sequence video frame leakage risk if divided across splits),Group-Aware Allocation: Keep entire cluster within a single split (Train OR Val OR Test) or sample single representative
NDG_0080,BDWaste,BDWaste::5. Mango Peel,3,data/raw/organic/BDWaste/5. Mango Peel/26.jpg,NO,HIGH (Burst-sequence video frame leakage risk if divided across splits),Group-Aware Allocation: Keep entire cluster within a single split (Train OR Val OR Test) or sample single representative
NDG_0081,BDWaste,BDWaste::5. Mango Peel,6,data/raw/organic/BDWaste/5. Mango Peel/30.jpg,NO,HIGH (Burst-sequence video frame leakage risk if divided across splits),Group-Aware Allocation: Keep entire cluster within a single split (Train OR Val OR Test) or sample single representative
NDG_0082,BDWaste,BDWaste::5. Mango Peel,5,data/raw/organic/BDWaste/5. Mango Peel/32.jpg,NO,HIGH (Burst-sequence video frame leakage risk if divided across splits),Group-Aware Allocation: Keep entire cluster within a single split (Train OR Val OR Test) or sample single representative
NDG_0083,BDWaste,BDWaste::5. Mango Peel,3,data/raw/organic/BDWaste/5. Mango Peel/34.jpg,NO,HIGH (Burst-sequence video frame leakage risk if divided across splits),Group-Aware Allocation: Keep entire cluster within a single split (Train OR Val OR Test) or sample single representative
NDG_0084,BDWaste,BDWaste::5. Mango Peel,9,data/raw/organic/BDWaste/5. Mango Peel/40.jpg,NO,HIGH (Burst-sequence video frame leakage risk if divided across splits),Group-Aware Allocation: Keep entire cluster within a single split (Train OR Val OR Test) or sample single representative
NDG_0085,BDWaste,BDWaste::5. Mango Peel,2,data/raw/organic/BDWaste/5. Mango Peel/47.jpg,NO,HIGH (Burst-sequence video frame leakage risk if divided across splits),Group-Aware Allocation: Keep entire cluster within a single split (Train OR Val OR Test) or sample single representative
NDG_0086,BDWaste,BDWaste::5. Mango Peel,2,data/raw/organic/BDWaste/5. Mango Peel/5.jpg,NO,HIGH (Burst-sequence video frame leakage risk if divided across splits),Group-Aware Allocation: Keep entire cluster within a single split (Train OR Val OR Test) or sample single representative
NDG_0087,BDWaste,BDWaste::5. Mango Peel,2,data/raw/organic/BDWaste/5. Mango Peel/57.jpg,NO,HIGH (Burst-sequence video frame leakage risk if divided across splits),Group-Aware Allocation: Keep entire cluster within a single split (Train OR Val OR Test) or sample single representative
NDG_0088,BDWaste,BDWaste::5. Mango Peel,3,data/raw/organic/BDWaste/5. Mango Peel/62.jpg,NO,HIGH (Burst-sequence video frame leakage risk if divided across splits),Group-Aware Allocation: Keep entire cluster within a single split (Train OR Val OR Test) or sample single representative
NDG_0089,BDWaste,BDWaste::5. Mango Peel,4,data/raw/organic/BDWaste/5. Mango Peel/65.jpg,NO,HIGH (Burst-sequence video frame leakage risk if divided across splits),Group-Aware Allocation: Keep entire cluster within a single split (Train OR Val OR Test) or sample single representative
NDG_0090,BDWaste,BDWaste::5. Mango Peel,2,data/raw/organic/BDWaste/5. Mango Peel/70.jpg,NO,HIGH (Burst-sequence video frame leakage risk if divided across splits),Group-Aware Allocation: Keep entire cluster within a single split (Train OR Val OR Test) or sample single representative
NDG_0091,BDWaste,BDWaste::5. Mango Peel,2,data/raw/organic/BDWaste/5. Mango Peel/72.jpg,NO,HIGH (Burst-sequence video frame leakage risk if divided across splits),Group-Aware Allocation: Keep entire cluster within a single split (Train OR Val OR Test) or sample single representative
NDG_0092,BDWaste,BDWaste::5. Mango Peel,2,data/raw/organic/BDWaste/5. Mango Peel/85.jpg,NO,HIGH (Burst-sequence video frame leakage risk if divided across splits),Group-Aware Allocation: Keep entire cluster within a single split (Train OR Val OR Test) or sample single representative
NDG_0093,BDWaste,BDWaste::5. Mango Peel,2,data/raw/organic/BDWaste/5. Mango Peel/89.jpg,NO,HIGH (Burst-sequence video frame leakage risk if divided across splits),Group-Aware Allocation: Keep entire cluster within a single split (Train OR Val OR Test) or sample single representative
NDG_0094,BDWaste,BDWaste::7. Shell of Malta,2,data/raw/organic/BDWaste/7. Shell of Malta/(98).jpg,NO,HIGH (Burst-sequence video frame leakage risk if divided across splits),Group-Aware Allocation: Keep entire cluster within a single split (Train OR Val OR Test) or sample single representative
NDG_0095,BDWaste,BDWaste::9. Banana peel,2,data/raw/organic/BDWaste/9. Banana peel/102.jpg,NO,HIGH (Burst-sequence video frame leakage risk if divided across splits),Group-Aware Allocation: Keep entire cluster within a single split (Train OR Val OR Test) or sample single representative
